event_time,event_type,product_id,category_id,category_code,brand,price,user_id,user_session
2019-11-01 00:00:02 UTC,view,5802432,1487580009286598681,,,0.32,562076640,09fafd6c-6c99-46b1-834f-33527f4de241
2019-11-01 00:00:09 UTC,cart,5844397,1487580006317032337,,,2.38,553329724,2067216c-31b5-455d-a1cc-af0575a34ffb
2019-11-01 00:00:10 UTC,view,5837166,1783999064103190764,,pnb,22.22,556138645,57ed222e-a54a-4907-9944-5a875c2d7f4f
2019-11-01 00:00:11 UTC,cart,5876812,1487580010100293687,,jessnail,3.16,564506666,186c1951-8052-4b37-adce-dd9644b1d5f7
2019-11-01 00:00:24 UTC,remove_from_cart,5826182,1487580007483048900,,,3.33,553329724,2067216c-31b5-455d-a1cc-af0575a34ffb
2019-11-01 00:00:24 UTC,remove_from_cart,5826182,1487580007483048900,,,3.33,553329724,2067216c-31b5-455d-a1cc-af0575a34ffb
2019-11-01 00:00:25 UTC,view,5856189,1487580009026551821,,runail,15.71,562076640,09fafd6c-6c99-46b1-834f-33527f4de241
2019-11-01 00:00:32 UTC,view,5837835,1933472286753424063,,,3.49,514649199,432a4e95-375c-4b40-bd36-0fc039e77580
2019-11-01 00:00:34 UTC,remove_from_cart,5870838,1487580007675986893,,milv,0.79,429913900,2f0bff3c-252f-4fe6-afcd-5d8a6a92839a
2019-11-01 00:00:37 UTC,view,5870803,1487580007675986893,,milv,0.79,429913900,2f0bff3c-252f-4fe6-afcd-5d8a6a92839a
2019-11-01 00:00:42 UTC,remove_from_cart,5870803,1487580007675986893,,milv,0.79,429913900,2f0bff3c-252f-4fe6-afcd-5d8a6a92839a
2019-11-01 00:00:46 UTC,view,5841721,1487580008187692007,,,1.37,429913900,2f0bff3c-252f-4fe6-afcd-5d8a6a92839a
2019-11-01 00:00:50 UTC,view,5856190,1487580009026551821,,runail,15.71,562076640,09fafd6c-6c99-46b1-834f-33527f4de241
2019-11-01 00:00:51 UTC,remove_from_cart,5710314,1487580005268456287,,lianail,5.54,566239468,3ad69360-e328-454a-b1f8-0e0901e1e344
2019-11-01 00:00:55 UTC,view,5534,1487580006711296933,,ingarden,14.76,556138645,57ed222e-a54a-4907-9944-5a875c2d7f4f
2019-11-01 00:00:57 UTC,view,5674484,1487580009026551821,,runail,15.71,562076640,09fafd6c-6c99-46b1-834f-33527f4de241
2019-11-01 00:01:06 UTC,view,5649207,1487580013581566154,,concept,2.94,566273978,c2d3b5fa-445a-432e-bfa8-bea9652e3cfe
2019-11-01 00:01:07 UTC,view,5780830,1487580005092295511,,rosi,7.14,429913900,2f0bff3c-252f-4fe6-afcd-5d8a6a92839a
2019-11-01 00:01:09 UTC,cart,4607,1487580010796548183,,runail,0.38,553329724,2067216c-31b5-455d-a1cc-af0575a34ffb
2019-11-01 00:01:11 UTC,view,5759991,1487580013212467384,,,15.08,391027139,8b820c4f-4cee-4407-9f6a-dc0f926959bb
2019-11-01 00:01:11 UTC,cart,4600,1487580010796548183,,runail,0.38,553329724,2067216c-31b5-455d-a1cc-af0575a34ffb
2019-11-01 00:01:13 UTC,view,5807857,1487580009471148064,,irisk,1.11,566280991,c9e882a2-e8fb-4607-a9f2-0e0948c16e64
2019-11-01 00:01:23 UTC,view,5837825,1933472286753424063,,,3.49,514649199,037e2ba9-1446-49c6-9723-dcfa7f9da3b8
2019-11-01 00:01:23 UTC,view,5745720,1487580006317032337,,irisk,8.57,485066868,9eeee910-722d-495e-8335-c1e3efb00089
2019-11-01 00:01:28 UTC,cart,5837825,1933472286753424063,,,3.49,514649199,037e2ba9-1446-49c6-9723-dcfa7f9da3b8
2019-11-01 00:01:32 UTC,view,5882577,1487580013581566154,,thuya,13.49,516158753,d5ffdffc-eae4-4a93-8b6b-924db49a42df
2019-11-01 00:01:34 UTC,cart,5837825,1933472286753424063,,,3.49,514649199,037e2ba9-1446-49c6-9723-dcfa7f9da3b8
2019-11-01 00:01:40 UTC,cart,5817690,1487580010872045658,,,0.79,553329724,2067216c-31b5-455d-a1cc-af0575a34ffb
2019-11-01 00:01:53 UTC,view,5837491,1933364344720982871,,,5.08,514649199,e1861179-8a27-4b1c-9bfd-225093423b8f
2019-11-01 00:01:54 UTC,cart,5862929,1487580010100293687,,mavala,15.81,564506666,186c1951-8052-4b37-adce-dd9644b1d5f7
2019-11-01 00:01:57 UTC,purchase,5839412,1487580006551913373,,lovely,3.16,460304619,9f777569-bdf3-47e5-a3d4-dfc26beb29cb
2019-11-01 00:01:57 UTC,cart,5710314,1487580005268456287,,lianail,5.54,566239468,3ad69360-e328-454a-b1f8-0e0901e1e344
2019-11-01 00:01:57 UTC,purchase,5823969,1487580005268456287,,uno,17.46,460304619,9f777569-bdf3-47e5-a3d4-dfc26beb29cb
2019-11-01 00:01:57 UTC,purchase,5810480,1487580011283087468,,,22.54,460304619,9f777569-bdf3-47e5-a3d4-dfc26beb29cb
2019-11-01 00:02:02 UTC,view,5780829,1487580005092295511,,rosi,7.14,429913900,2f0bff3c-252f-4fe6-afcd-5d8a6a92839a
2019-11-01 00:02:06 UTC,cart,5723270,1487580010872045658,,ingarden,1.56,553329724,2067216c-31b5-455d-a1cc-af0575a34ffb
2019-11-01 00:02:15 UTC,remove_from_cart,5864286,1597770225539875791,,,20.16,565876667,cf5d7069-7465-4ec5-a9be-c911bc1b9f95
2019-11-01 00:02:18 UTC,cart,30195,1487580010922377308,,runail,0.38,553329724,2067216c-31b5-455d-a1cc-af0575a34ffb
2019-11-01 00:02:26 UTC,view,5587660,1487580008145748965,,roubloff,4.75,239732557,a245fe93-cc60-421f-b321-5c6ba8051155
2019-11-01 00:02:26 UTC,cart,5716351,1487580010872045658,,irisk,0.79,553329724,2067216c-31b5-455d-a1cc-af0575a34ffb
2019-11-01 00:02:35 UTC,view,5751422,1487580005268456287,,uno,10.95,429187721,65b36ebc-6538-4b2c-a077-252e1387fe81
2019-11-01 00:02:43 UTC,cart,5723264,1487580010872045658,,ingarden,1.56,553329724,2067216c-31b5-455d-a1cc-af0575a34ffb
2019-11-01 00:02:44 UTC,view,5837411,1933364344720982871,,,4.76,514649199,2732fbae-8a04-4945-9920-78a29c581032
2019-11-01 00:02:47 UTC,view,5891179,1759024699007828783,,,57.14,556138645,57ed222e-a54a-4907-9944-5a875c2d7f4f
2019-11-01 00:02:52 UTC,cart,5723464,1487580010922377308,,,0.79,553329724,2067216c-31b5-455d-a1cc-af0575a34ffb
2019-11-01 00:03:01 UTC,view,5780830,1487580005092295511,,rosi,7.14,429913900,2f0bff3c-252f-4fe6-afcd-5d8a6a92839a
2019-11-01 00:03:01 UTC,view,5803085,1759024699007828783,,,9.0,556138645,57ed222e-a54a-4907-9944-5a875c2d7f4f
2019-11-01 00:03:07 UTC,cart,5840033,1783999071325782053,,irisk,2.38,553329724,2067216c-31b5-455d-a1cc-af0575a34ffb
2019-11-01 00:03:09 UTC,view,5671072,1487580013430571202,,,18.38,565552145,6790ceb9-b128-4e49-86ce-1659e16ed2b7
2019-11-01 00:03:10 UTC,cart,5851312,1487580005268456287,,lianail,6.33,566239468,3ad69360-e328-454a-b1f8-0e0901e1e344
2019-11-01 00:03:14 UTC,view,5888548,1487580004916134735,,,3.97,429913900,2f0bff3c-252f-4fe6-afcd-5d8a6a92839a
2019-11-01 00:03:38 UTC,cart,5864286,1597770225539875791,,,20.16,565876667,cf5d7069-7465-4ec5-a9be-c911bc1b9f95
2019-11-01 00:03:39 UTC,view,5883844,1487580011677352062,,,25.71,445896396,b9052fb9-7da8-4df8-a1da-eae051cd8e9c
2019-11-01 00:03:44 UTC,cart,5674484,1487580009026551821,,runail,15.71,562076640,09fafd6c-6c99-46b1-834f-33527f4de241
2019-11-01 00:03:46 UTC,remove_from_cart,5851312,1487580005268456287,,lianail,6.33,566239468,3ad69360-e328-454a-b1f8-0e0901e1e344
2019-11-01 00:03:46 UTC,view,5856190,1487580009026551821,,runail,15.71,562076640,09fafd6c-6c99-46b1-834f-33527f4de241
2019-11-01 00:03:54 UTC,view,5856189,1487580009026551821,,runail,15.71,562076640,09fafd6c-6c99-46b1-834f-33527f4de241
2019-11-01 00:04:00 UTC,cart,5815662,1487580006317032337,,,0.92,485066868,9eeee910-722d-495e-8335-c1e3efb00089
2019-11-01 00:04:04 UTC,view,5759382,1543705961326182546,,,4.44,556138645,57ed222e-a54a-4907-9944-5a875c2d7f4f
2019-11-01 00:04:21 UTC,view,5829502,1487580011652186237,,farmstay,13.75,445896396,b9052fb9-7da8-4df8-a1da-eae051cd8e9c
2019-11-01 00:04:29 UTC,view,5864480,1597770225539875791,,,29.21,565876667,cf5d7069-7465-4ec5-a9be-c911bc1b9f95
2019-11-01 00:04:33 UTC,purchase,24380,1487580012994363565,,depilflax,5.24,564451209,861ab2f1-b2e5-886f-a93b-5b067eff081f
2019-11-01 00:04:33 UTC,purchase,26765,1487580013522845895,,ardell,7.16,564451209,861ab2f1-b2e5-886f-a93b-5b067eff081f
2019-11-01 00:04:33 UTC,purchase,5573498,1487580012969197740,,candy,4.29,564451209,861ab2f1-b2e5-886f-a93b-5b067eff081f
2019-11-01 00:04:33 UTC,purchase,5586154,1958278551207674674,,inm,3.17,564451209,861ab2f1-b2e5-886f-a93b-5b067eff081f
2019-11-01 00:04:33 UTC,purchase,5739918,1487580012994363565,,italwax,8.73,564451209,861ab2f1-b2e5-886f-a93b-5b067eff081f
2019-11-01 00:04:33 UTC,purchase,5766980,1487580013053083824,stationery.cartrige,italwax,1.98,564451209,861ab2f1-b2e5-886f-a93b-5b067eff081f
2019-11-01 00:04:33 UTC,purchase,5767494,1487580013053083824,stationery.cartrige,italwax,2.14,564451209,861ab2f1-b2e5-886f-a93b-5b067eff081f
2019-11-01 00:04:33 UTC,purchase,5775813,1487580013053083824,stationery.cartrige,italwax,1.98,564451209,861ab2f1-b2e5-886f-a93b-5b067eff081f
2019-11-01 00:04:33 UTC,purchase,5775814,1487580013053083824,stationery.cartrige,italwax,1.98,564451209,861ab2f1-b2e5-886f-a93b-5b067eff081f
2019-11-01 00:04:33 UTC,purchase,5881443,2151191070984110951,,lovely,7.78,564451209,861ab2f1-b2e5-886f-a93b-5b067eff081f
2019-11-01 00:04:33 UTC,purchase,5884031,2114584564549550293,,,3.97,564451209,861ab2f1-b2e5-886f-a93b-5b067eff081f
2019-11-01 00:04:33 UTC,purchase,9169,1487580012994363565,,candy,4.76,564451209,861ab2f1-b2e5-886f-a93b-5b067eff081f
2019-11-01 00:04:46 UTC,cart,5549786,1487580005595612013,,,3.0,566239468,3ad69360-e328-454a-b1f8-0e0901e1e344
2019-11-01 00:04:48 UTC,view,5763438,1487580013950664926,,ingarden,9.37,542350069,e7890f88-28e5-4104-a4c8-f72e8c114f63
2019-11-01 00:04:51 UTC,view,5861591,1487580009143992338,,lador,2.22,534488348,25360ead-b337-47b1-a61d-e684a8491179
2019-11-01 00:04:51 UTC,view,5763440,1487580013950664926,,ingarden,9.37,542350069,1f2f220e-8988-4553-808a-524217633522
2019-11-01 00:04:59 UTC,remove_from_cart,5838202,1933472286753424063,,,3.49,514649199,dd20e3bf-021f-4633-a9c7-18b6158b2006
2019-11-01 00:04:59 UTC,view,5870458,1487580011585077370,,levrana,10.32,445896396,b9052fb9-7da8-4df8-a1da-eae051cd8e9c
2019-11-01 00:05:00 UTC,remove_from_cart,5838192,1933472286753424063,,,3.49,514649199,dd20e3bf-021f-4633-a9c7-18b6158b2006
2019-11-01 00:05:02 UTC,view,5896424,1487580006300255120,,jessnail,32.54,562076640,09fafd6c-6c99-46b1-834f-33527f4de241
2019-11-01 00:05:06 UTC,view,5838169,1933472286753424063,,,3.49,514649199,dd20e3bf-021f-4633-a9c7-18b6158b2006
2019-11-01 00:05:17 UTC,view,5625247,1487580006434472855,,jas,98.4,424460109,1f21a6e7-5d75-4c77-adcc-1d47d3b16e15
2019-11-01 00:05:30 UTC,view,5885630,1783999064103190764,,,31.35,556138645,57ed222e-a54a-4907-9944-5a875c2d7f4f
2019-11-01 00:05:44 UTC,remove_from_cart,5838169,1933472286753424063,,,3.49,514649199,dd20e3bf-021f-4633-a9c7-18b6158b2006
2019-11-01 00:05:49 UTC,view,5864544,1783999072332415142,,,19.05,565876667,cf5d7069-7465-4ec5-a9be-c911bc1b9f95
2019-11-01 00:05:54 UTC,remove_from_cart,5838150,1933472286753424063,,,3.49,514649199,dd20e3bf-021f-4633-a9c7-18b6158b2006
2019-11-01 00:05:55 UTC,view,5857967,1487580013296353468,,limoni,6.44,391027139,8b820c4f-4cee-4407-9f6a-dc0f926959bb
2019-11-01 00:05:58 UTC,view,38005,1487580013581566154,,refectocil,10.13,566273978,c2d3b5fa-445a-432e-bfa8-bea9652e3cfe
2019-11-01 00:06:11 UTC,view,5549786,1487580005595612013,,,3.0,566239468,3ad69360-e328-454a-b1f8-0e0901e1e344
2019-11-01 00:06:22 UTC,remove_from_cart,5826980,1487580005671109489,,masura,3.95,556138645,57ed222e-a54a-4907-9944-5a875c2d7f4f
2019-11-01 00:06:22 UTC,remove_from_cart,5826980,1487580005671109489,,masura,3.95,556138645,57ed222e-a54a-4907-9944-5a875c2d7f4f
2019-11-01 00:06:24 UTC,remove_from_cart,5766772,1487580007659209676,,irisk,4.13,556138645,57ed222e-a54a-4907-9944-5a875c2d7f4f
2019-11-01 00:06:34 UTC,view,5863097,1487580011585077370,,,0.63,429904458,33bd95b0-7be4-4b05-8e7a-96225ad6873b
2019-11-01 00:06:34 UTC,view,5864545,1783999072332415142,,,19.05,565876667,cf5d7069-7465-4ec5-a9be-c911bc1b9f95
2019-11-01 00:06:36 UTC,view,5893540,1487580008246412266,,ecocraft,7.44,562817002,32e737b9-7439-40b0-9011-33a0f757cdf8
2019-11-01 00:06:42 UTC,cart,5770294,1487580008858779653,,milv,1.59,514649199,dd20e3bf-021f-4633-a9c7-18b6158b2006
2019-11-01 00:06:55 UTC,view,5747404,1487580005671109489,,masura,6.33,554428484,64ccbe91-91f6-4671-b276-857dfa0e99aa
2019-11-01 00:06:57 UTC,view,19162,1487580008447738866,,cnd,10.29,535645254,cfcbbad5-41ef-427a-865f-f0bf9421f331
2019-11-01 00:07:03 UTC,cart,5820777,1487580006317032337,,,3.97,485066868,9eeee910-722d-495e-8335-c1e3efb00089
2019-11-01 00:07:14 UTC,view,5864585,1783999072332415142,,,24.92,565876667,cf5d7069-7465-4ec5-a9be-c911bc1b9f95
2019-11-01 00:07:31 UTC,view,5747406,1487580005671109489,,masura,6.33,554428484,64ccbe91-91f6-4671-b276-857dfa0e99aa
2019-11-01 00:07:49 UTC,view,5817925,1487580008145748965,,,7.54,433392631,1de4c120-fcdb-4501-ab86-92b6417f0699
2019-11-01 00:07:54 UTC,view,5726464,1487580005268456287,,,5.56,510686874,3d96f80b-fde5-4c63-ac85-37a1ed5afa62
2019-11-01 00:07:56 UTC,view,5755165,1487580005092295511,,,5.56,564971277,adfe5add-f38f-477b-acda-abd7664b2d5d
2019-11-01 00:07:59 UTC,view,5876017,1487580011677352062,,,17.78,565876667,cf5d7069-7465-4ec5-a9be-c911bc1b9f95
2019-11-01 00:08:18 UTC,view,5893545,1783999067156644376,,ecocraft,7.44,562817002,7da4ad73-455d-47a3-95d2-decc2641156a
2019-11-01 00:08:38 UTC,view,4638,1487580011157258342,,runail,0.37,439472531,e7cbcdaa-e179-4fff-b87d-97f03b48df7e
2019-11-01 00:08:39 UTC,view,5864578,1783999072332415142,,,26.35,565876667,cf5d7069-7465-4ec5-a9be-c911bc1b9f95
2019-11-01 00:08:47 UTC,cart,5726464,1487580005268456287,,,5.56,510686874,3d96f80b-fde5-4c63-ac85-37a1ed5afa62
2019-11-01 00:09:01 UTC,view,4639,1487580011157258342,,runail,0.37,439472531,e7cbcdaa-e179-4fff-b87d-97f03b48df7e
2019-11-01 00:09:08 UTC,view,5882788,1487580013522845895,,thuya,85.56,473171427,84ef9383-843f-4670-a9a1-a4f9fca04b6c
2019-11-01 00:09:12 UTC,view,5892179,1487580013950664926,,,18.89,566281872,e194fdca-229b-4e0f-b6da-ac5457caf6d2
2019-11-01 00:09:16 UTC,view,5864281,1487580011585077370,,,18.1,565876667,cf5d7069-7465-4ec5-a9be-c911bc1b9f95
2019-11-01 00:09:19 UTC,view,37047,1487580006895846315,,runail,13.92,556138645,57ed222e-a54a-4907-9944-5a875c2d7f4f
2019-11-01 00:09:19 UTC,cart,5878673,2095736144888071137,,,2.86,514649199,dd20e3bf-021f-4633-a9c7-18b6158b2006
2019-11-01 00:09:24 UTC,view,4639,1487580011157258342,,runail,0.37,439472531,e7cbcdaa-e179-4fff-b87d-97f03b48df7e
2019-11-01 00:09:26 UTC,remove_from_cart,5837825,1933472286753424063,,,3.49,514649199,dd20e3bf-021f-4633-a9c7-18b6158b2006
2019-11-01 00:09:30 UTC,view,5893540,1487580008246412266,,ecocraft,7.44,562817002,6f5c9a0f-d2b8-47d2-b008-c9aae704dda2
2019-11-01 00:09:32 UTC,view,5885848,1487580007910867929,,,7.22,561167715,aed06c79-20aa-460a-a6de-b9cdf344c5c1
2019-11-01 00:09:35 UTC,view,5666406,1487580011157258342,,irisk,0.63,439472531,e7cbcdaa-e179-4fff-b87d-97f03b48df7e
2019-11-01 00:09:41 UTC,view,5838211,1933472286753424063,,,3.49,514649199,dd20e3bf-021f-4633-a9c7-18b6158b2006
2019-11-01 00:09:44 UTC,view,5809910,1602943681873052386,,grattol,5.24,249305749,e707213f-7920-49e5-9386-55e3a516e069
2019-11-01 00:09:53 UTC,view,5666407,1487580011157258342,,irisk,0.63,439472531,e7cbcdaa-e179-4fff-b87d-97f03b48df7e
2019-11-01 00:09:56 UTC,view,5864538,1487580011585077370,,,17.62,565876667,cf5d7069-7465-4ec5-a9be-c911bc1b9f95
2019-11-01 00:10:01 UTC,view,5729011,1487580007776650194,,ingarden,0.79,439472531,e7cbcdaa-e179-4fff-b87d-97f03b48df7e
2019-11-01 00:10:03 UTC,view,4607,1487580010796548183,,runail,0.38,566281978,dae10616-018b-404b-ab5e-76166fb17bbe
2019-11-01 00:10:12 UTC,cart,5809910,1602943681873052386,,grattol,5.24,249305749,e707213f-7920-49e5-9386-55e3a516e069
2019-11-01 00:10:13 UTC,view,5851159,1487580007306888126,,,3.97,456387668,0c4b59f8-7ed6-4beb-84bb-7a952968a9fb
2019-11-01 00:10:14 UTC,view,4638,1487580011157258342,,runail,0.37,439472531,e7cbcdaa-e179-4fff-b87d-97f03b48df7e
2019-11-01 00:10:35 UTC,view,4817,1487580011157258342,,runail,0.37,439472531,e7cbcdaa-e179-4fff-b87d-97f03b48df7e
2019-11-01 00:10:43 UTC,view,5013,1487580008145748965,,runail,1.27,460726340,0ea5b639-b633-41c3-a689-5db845e649e8
2019-11-01 00:10:46 UTC,view,5739097,1487580007910867929,,,13.81,561167715,aed06c79-20aa-460a-a6de-b9cdf344c5c1
2019-11-01 00:10:47 UTC,view,4654,1487580011157258342,,runail,0.37,439472531,e7cbcdaa-e179-4fff-b87d-97f03b48df7e
2019-11-01 00:10:49 UTC,view,5864480,1597770225539875791,,,29.21,565876667,cf5d7069-7465-4ec5-a9be-c911bc1b9f95
2019-11-01 00:10:53 UTC,view,5857360,1487580008145748965,,runail,1.51,460726340,0ea5b639-b633-41c3-a689-5db845e649e8
2019-11-01 00:10:55 UTC,view,5809911,1602943681873052386,,grattol,5.24,249305749,e707213f-7920-49e5-9386-55e3a516e069
2019-11-01 00:11:11 UTC,remove_from_cart,5013,1487580008145748965,,runail,1.27,460726340,0ea5b639-b633-41c3-a689-5db845e649e8
2019-11-01 00:11:12 UTC,view,5662310,1487580007717929935,,airnails,1.43,424460109,1f21a6e7-5d75-4c77-adcc-1d47d3b16e15
2019-11-01 00:11:12 UTC,view,5866135,1487580008263189483,,s.care,103.17,566282124,51d54818-54fc-49fd-bb4b-9553ea4bdc97
2019-11-01 00:11:18 UTC,view,5835857,1487580008187692007,,,5.71,460726340,0ea5b639-b633-41c3-a689-5db845e649e8
2019-11-01 00:11:39 UTC,view,5864993,1487580007910867929,,zinger,9.73,561167715,aed06c79-20aa-460a-a6de-b9cdf344c5c1
2019-11-01 00:11:45 UTC,view,5885848,1487580007910867929,,,7.22,561167715,aed06c79-20aa-460a-a6de-b9cdf344c5c1
2019-11-01 00:11:46 UTC,remove_from_cart,5838211,1933472286753424063,,,3.49,514649199,dd20e3bf-021f-4633-a9c7-18b6158b2006
2019-11-01 00:11:50 UTC,view,5893545,1783999067156644376,,ecocraft,7.44,562817002,3b62544a-ebf5-4480-9a8f-412dddf5f7bd
2019-11-01 00:11:50 UTC,view,5770294,1487580008858779653,,milv,1.59,514649199,dd20e3bf-021f-4633-a9c7-18b6158b2006
2019-11-01 00:11:51 UTC,view,5846385,1487580008145748965,,lovely,5.7,460726340,0ea5b639-b633-41c3-a689-5db845e649e8
2019-11-01 00:11:51 UTC,view,5734279,1487580007910867929,,,14.29,561167715,aed06c79-20aa-460a-a6de-b9cdf344c5c1
2019-11-01 00:12:04 UTC,view,5769926,1487580013841613016,,kapous,4.22,566281936,e1f07149-5e27-49e7-9bcd-1b40faf0af9f
2019-11-01 00:12:14 UTC,view,5839239,1487580013841613016,,concept,7.78,566281936,af7b8402-ce18-4ce0-87ef-d9ca3b4c17b7
2019-11-01 00:12:18 UTC,view,5877797,1487580009051717646,,,63.49,566282221,9b0db3cf-4918-47ca-b44e-eb3db03027c3
2019-11-01 00:12:20 UTC,remove_from_cart,5857360,1487580008145748965,,runail,1.51,460726340,0ea5b639-b633-41c3-a689-5db845e649e8
2019-11-01 00:12:21 UTC,view,5695642,1487580013841613016,,,2.62,566281936,1ed91c22-009e-44c6-ae01-b72fd68b774b
2019-11-01 00:12:31 UTC,view,5869139,2069171133327868014,,cosmoprofi,6.35,460726340,0ea5b639-b633-41c3-a689-5db845e649e8
2019-11-01 00:12:42 UTC,view,5844907,1487580013841613016,,concept,7.78,566281936,af7b8402-ce18-4ce0-87ef-d9ca3b4c17b7
2019-11-01 00:12:49 UTC,view,5823666,1487580013841613016,,kapous,6.89,566281936,af7b8402-ce18-4ce0-87ef-d9ca3b4c17b7
2019-11-01 00:12:53 UTC,view,4653,1487580011157258342,,runail,0.37,439472531,d8111fe9-0a96-44bc-9a7d-154de963b7e0
2019-11-01 00:13:10 UTC,remove_from_cart,5761411,1487580007432717250,,ingarden,2.86,202438687,8dc848f5-bac3-44d7-9414-75d4e599abaf
2019-11-01 00:13:12 UTC,remove_from_cart,5749154,1487580007592100809,,,0.22,202438687,8dc848f5-bac3-44d7-9414-75d4e599abaf
2019-11-01 00:13:14 UTC,remove_from_cart,5749145,1487580007592100809,,,0.22,202438687,8dc848f5-bac3-44d7-9414-75d4e599abaf
2019-11-01 00:13:16 UTC,remove_from_cart,5749153,1487580007592100809,,,0.22,202438687,8dc848f5-bac3-44d7-9414-75d4e599abaf
2019-11-01 00:13:16 UTC,remove_from_cart,5749153,1487580007592100809,,,0.22,202438687,8dc848f5-bac3-44d7-9414-75d4e599abaf
2019-11-01 00:13:17 UTC,remove_from_cart,5749156,1487580007592100809,,,0.22,202438687,8dc848f5-bac3-44d7-9414-75d4e599abaf
2019-11-01 00:13:17 UTC,remove_from_cart,5749156,1487580007592100809,,,0.22,202438687,8dc848f5-bac3-44d7-9414-75d4e599abaf
2019-11-01 00:13:19 UTC,remove_from_cart,5749150,1487580007592100809,,,0.22,202438687,8dc848f5-bac3-44d7-9414-75d4e599abaf
2019-11-01 00:13:20 UTC,remove_from_cart,5749150,1487580007592100809,,,0.22,202438687,8dc848f5-bac3-44d7-9414-75d4e599abaf
2019-11-01 00:13:25 UTC,remove_from_cart,5698505,1487580007575323592,,ingarden,1.51,202438687,8dc848f5-bac3-44d7-9414-75d4e599abaf
2019-11-01 00:13:26 UTC,remove_from_cart,5698505,1487580007575323592,,ingarden,1.51,202438687,8dc848f5-bac3-44d7-9414-75d4e599abaf
2019-11-01 00:13:27 UTC,remove_from_cart,5685883,1487580007575323592,,,1.43,202438687,8dc848f5-bac3-44d7-9414-75d4e599abaf
2019-11-01 00:13:29 UTC,remove_from_cart,5695948,1487580007575323592,,,1.43,202438687,8dc848f5-bac3-44d7-9414-75d4e599abaf
2019-11-01 00:13:31 UTC,view,5782146,1487580012902088873,,,26.98,539842654,c810b2f2-c9ef-4a20-bb9d-ecbc7158c0e2
2019-11-01 00:13:31 UTC,remove_from_cart,5877912,1487580007575323592,,freedecor,1.27,202438687,8dc848f5-bac3-44d7-9414-75d4e599abaf
2019-11-01 00:13:36 UTC,remove_from_cart,5801116,1783999063314661546,,irisk,11.59,202438687,8dc848f5-bac3-44d7-9414-75d4e599abaf
2019-11-01 00:13:39 UTC,remove_from_cart,5804460,1783999063574708423,,bluesky,19.05,202438687,8dc848f5-bac3-44d7-9414-75d4e599abaf
2019-11-01 00:13:39 UTC,remove_from_cart,5804460,1783999063574708423,,bluesky,19.05,202438687,8dc848f5-bac3-44d7-9414-75d4e599abaf
2019-11-01 00:13:46 UTC,remove_from_cart,5843378,1487580005092295511,,lianail,15.86,202438687,8dc848f5-bac3-44d7-9414-75d4e599abaf
2019-11-01 00:13:48 UTC,view,5751383,1487580005092295511,,uno,10.32,326986312,f2a9062d-db95-47e1-843e-e274d4e13e7f
2019-11-01 00:13:59 UTC,remove_from_cart,5809785,1487580005268456287,,,15.84,202438687,8dc848f5-bac3-44d7-9414-75d4e599abaf
2019-11-01 00:14:00 UTC,view,5807101,1487580013506068678,,runail,10.32,565607868,91500f32-3f2b-48db-b24b-0ad72539d772
2019-11-01 00:14:01 UTC,cart,5835898,1487580007634043851,,irisk,0.63,556138645,57ed222e-a54a-4907-9944-5a875c2d7f4f
2019-11-01 00:14:02 UTC,view,5827647,1487580013841613016,,kaaral,3.14,566281936,de96441b-93ba-4ec6-85f9-8e2700c6fd05
2019-11-01 00:14:07 UTC,remove_from_cart,5767925,1487580005268456287,,,12.67,202438687,8dc848f5-bac3-44d7-9414-75d4e599abaf
2019-11-01 00:14:16 UTC,remove_from_cart,5768787,1487580005268456287,,,17.46,202438687,8dc848f5-bac3-44d7-9414-75d4e599abaf
2019-11-01 00:14:16 UTC,remove_from_cart,5768787,1487580005268456287,,,17.46,202438687,8dc848f5-bac3-44d7-9414-75d4e599abaf
2019-11-01 00:14:20 UTC,remove_from_cart,5877798,1487580005268456287,,,23.02,202438687,8dc848f5-bac3-44d7-9414-75d4e599abaf
2019-11-01 00:14:31 UTC,remove_from_cart,5847324,1982860244379763042,,,7.14,202438687,8dc848f5-bac3-44d7-9414-75d4e599abaf
2019-11-01 00:14:32 UTC,remove_from_cart,5847324,1982860244379763042,,,7.14,202438687,8dc848f5-bac3-44d7-9414-75d4e599abaf
2019-11-01 00:14:38 UTC,remove_from_cart,5749148,1487580007592100809,,,0.22,202438687,8dc848f5-bac3-44d7-9414-75d4e599abaf
2019-11-01 00:14:38 UTC,remove_from_cart,5749148,1487580007592100809,,,0.22,202438687,8dc848f5-bac3-44d7-9414-75d4e599abaf
2019-11-01 00:14:40 UTC,remove_from_cart,5556130,1487580012096782476,,,11.75,202438687,8dc848f5-bac3-44d7-9414-75d4e599abaf
2019-11-01 00:14:40 UTC,remove_from_cart,5556130,1487580012096782476,,,11.75,202438687,8dc848f5-bac3-44d7-9414-75d4e599abaf
2019-11-01 00:14:41 UTC,view,5841297,1487580010645553231,,irisk,46.83,558093964,b6be2fda-8bb0-469c-9c10-0f3b9b20d5d1
2019-11-01 00:14:43 UTC,remove_from_cart,5847347,1487580005092295511,,,6.51,202438687,8dc848f5-bac3-44d7-9414-75d4e599abaf
2019-11-01 00:14:43 UTC,remove_from_cart,5847347,1487580005092295511,,,6.51,202438687,8dc848f5-bac3-44d7-9414-75d4e599abaf
2019-11-01 00:14:44 UTC,remove_from_cart,5847287,1982860244379763042,,,7.14,202438687,8dc848f5-bac3-44d7-9414-75d4e599abaf
2019-11-01 00:14:44 UTC,remove_from_cart,5847287,1982860244379763042,,,7.14,202438687,8dc848f5-bac3-44d7-9414-75d4e599abaf
2019-11-01 00:14:49 UTC,view,5892179,1487580013950664926,,,18.89,566282481,63c41549-8dfa-4abe-8f90-3d867b03da56
2019-11-01 00:14:56 UTC,remove_from_cart,5883341,1487580005461394279,,bluesky,9.52,202438687,8dc848f5-bac3-44d7-9414-75d4e599abaf
2019-11-01 00:14:56 UTC,remove_from_cart,5883341,1487580005461394279,,bluesky,9.52,202438687,8dc848f5-bac3-44d7-9414-75d4e599abaf
2019-11-01 00:15:02 UTC,remove_from_cart,5865126,1648815651034235876,,rosi,4.13,202438687,8dc848f5-bac3-44d7-9414-75d4e599abaf
2019-11-01 00:15:02 UTC,remove_from_cart,5865126,1648815651034235876,,rosi,4.13,202438687,8dc848f5-bac3-44d7-9414-75d4e599abaf
2019-11-01 00:15:05 UTC,remove_from_cart,5758961,1487580007432717250,,,3.02,202438687,8dc848f5-bac3-44d7-9414-75d4e599abaf
2019-11-01 00:15:06 UTC,remove_from_cart,5758961,1487580007432717250,,,3.02,202438687,8dc848f5-bac3-44d7-9414-75d4e599abaf
2019-11-01 00:15:08 UTC,remove_from_cart,5768786,1487580007432717250,,,4.6,202438687,8dc848f5-bac3-44d7-9414-75d4e599abaf
2019-11-01 00:15:08 UTC,remove_from_cart,5768786,1487580007432717250,,,4.6,202438687,8dc848f5-bac3-44d7-9414-75d4e599abaf
2019-11-01 00:15:09 UTC,remove_from_cart,5877492,1487580007675986893,,freedecor,2.38,202438687,8dc848f5-bac3-44d7-9414-75d4e599abaf
2019-11-01 00:15:10 UTC,remove_from_cart,5877492,1487580007675986893,,freedecor,2.38,202438687,8dc848f5-bac3-44d7-9414-75d4e599abaf
2019-11-01 00:15:12 UTC,view,5797129,1487580006937789357,,,15.08,342166464,660f98c9-af1b-e3ef-bcf8-10fc075010fd
2019-11-01 00:15:16 UTC,remove_from_cart,5877496,1487580007675986893,,freedecor,2.38,202438687,8dc848f5-bac3-44d7-9414-75d4e599abaf
2019-11-01 00:15:17 UTC,remove_from_cart,5877496,1487580007675986893,,freedecor,2.38,202438687,8dc848f5-bac3-44d7-9414-75d4e599abaf
2019-11-01 00:15:25 UTC,remove_from_cart,5655420,1487580007046841266,,,5.56,202438687,8dc848f5-bac3-44d7-9414-75d4e599abaf
2019-11-01 00:15:25 UTC,remove_from_cart,5655420,1487580007046841266,,,5.56,202438687,8dc848f5-bac3-44d7-9414-75d4e599abaf
2019-11-01 00:15:29 UTC,remove_from_cart,5692914,1487580007021675441,,lianail,5.24,202438687,8dc848f5-bac3-44d7-9414-75d4e599abaf
2019-11-01 00:15:29 UTC,remove_from_cart,5692914,1487580007021675441,,lianail,5.24,202438687,8dc848f5-bac3-44d7-9414-75d4e599abaf
2019-11-01 00:15:32 UTC,view,5880640,1487580013950664926,,,17.94,566282481,6dbdde73-98cc-4b83-abbd-e962dcb0bd23
2019-11-01 00:15:32 UTC,remove_from_cart,5875325,1487580007214613434,,,2.51,202438687,8dc848f5-bac3-44d7-9414-75d4e599abaf
2019-11-01 00:15:32 UTC,view,5759346,1487580010125459512,,milv,3.49,566282566,2af172a1-ccb9-40d4-99bd-b41e55a6f24e
2019-11-01 00:15:32 UTC,remove_from_cart,5875325,1487580007214613434,,,2.51,202438687,8dc848f5-bac3-44d7-9414-75d4e599abaf
2019-11-01 00:15:36 UTC,remove_from_cart,5818487,1487580007214613434,,,3.14,202438687,8dc848f5-bac3-44d7-9414-75d4e599abaf
2019-11-01 00:15:36 UTC,remove_from_cart,5818487,1487580007214613434,,,3.14,202438687,8dc848f5-bac3-44d7-9414-75d4e599abaf
2019-11-01 00:15:51 UTC,remove_from_cart,5733824,1487580005050352469,,haruyama,3.97,202438687,8dc848f5-bac3-44d7-9414-75d4e599abaf
2019-11-01 00:15:51 UTC,remove_from_cart,5733824,1487580005050352469,,haruyama,3.97,202438687,8dc848f5-bac3-44d7-9414-75d4e599abaf
2019-11-01 00:15:54 UTC,remove_from_cart,5726164,1487580005595612013,,,3.0,202438687,8dc848f5-bac3-44d7-9414-75d4e599abaf
2019-11-01 00:15:54 UTC,remove_from_cart,5726164,1487580005595612013,,,3.0,202438687,8dc848f5-bac3-44d7-9414-75d4e599abaf
2019-11-01 00:15:57 UTC,remove_from_cart,24392,1487580009227878422,,depilflax,12.13,202438687,8dc848f5-bac3-44d7-9414-75d4e599abaf
2019-11-01 00:15:57 UTC,remove_from_cart,24392,1487580009227878422,,depilflax,12.13,202438687,8dc848f5-bac3-44d7-9414-75d4e599abaf
2019-11-01 00:16:01 UTC,remove_from_cart,5773382,1487580005134238553,,runail,2.78,202438687,8dc848f5-bac3-44d7-9414-75d4e599abaf
2019-11-01 00:16:01 UTC,remove_from_cart,5773382,1487580005134238553,,runail,2.78,202438687,8dc848f5-bac3-44d7-9414-75d4e599abaf
2019-11-01 00:16:17 UTC,remove_from_cart,5549814,1487580005595612013,,,3.0,202438687,8dc848f5-bac3-44d7-9414-75d4e599abaf
2019-11-01 00:16:17 UTC,remove_from_cart,5549814,1487580005595612013,,,3.0,202438687,8dc848f5-bac3-44d7-9414-75d4e599abaf
2019-11-01 00:16:25 UTC,view,5894499,1487580009143992338,,ecocraft,6.49,562817002,05e90488-360d-4a36-b3e4-0ce0e461012c
2019-11-01 00:16:28 UTC,remove_from_cart,5886199,1783999068867920626,,,6.35,202438687,8dc848f5-bac3-44d7-9414-75d4e599abaf
2019-11-01 00:16:28 UTC,remove_from_cart,5886199,1783999068867920626,,,6.35,202438687,8dc848f5-bac3-44d7-9414-75d4e599abaf
2019-11-01 00:16:30 UTC,view,5838841,1487580005092295511,,lovely,25.24,312880579,8016e745-28cf-4213-9769-3ffc550ad9d7
2019-11-01 00:16:30 UTC,remove_from_cart,5886200,1783999068909863670,,,3.17,202438687,8dc848f5-bac3-44d7-9414-75d4e599abaf
2019-11-01 00:16:30 UTC,remove_from_cart,5886200,1783999068909863670,,,3.17,202438687,8dc848f5-bac3-44d7-9414-75d4e599abaf
2019-11-01 00:16:31 UTC,remove_from_cart,5886201,1783999068909863670,,,3.17,202438687,8dc848f5-bac3-44d7-9414-75d4e599abaf
2019-11-01 00:16:31 UTC,remove_from_cart,5886201,1783999068909863670,,,3.17,202438687,8dc848f5-bac3-44d7-9414-75d4e599abaf
2019-11-01 00:16:34 UTC,view,5671073,1487580013430571202,,,20.57,551427027,0cfb252e-005f-412f-8f6c-be8f6fae9215
2019-11-01 00:16:39 UTC,view,5867412,1487580008246412266,,,20.63,457464378,e17b9c34-f067-4168-9c63-ca01ee55b8fd
2019-11-01 00:16:42 UTC,view,5804023,1487580009571811364,,,5.24,566282621,0d4b426a-de47-4323-a003-c44ab45fcd6a
2019-11-01 00:16:55 UTC,cart,5664660,1487580011425693811,,,0.6,562691482,9025c3a5-9c56-49c4-9d3d-95a6c15b69a3
2019-11-01 00:16:56 UTC,view,5885596,1487580006350586771,appliances.environment.vacuum,polarus,102.38,202438687,8dc848f5-bac3-44d7-9414-75d4e599abaf
2019-11-01 00:17:04 UTC,view,5894171,1487580011585077370,,ecocraft,6.81,562817002,d0630993-cd75-4b65-a9d9-6b1ce8eacc70
2019-11-01 00:17:10 UTC,view,5848908,1487580007675986893,,bpw.style,1.9,565906996,80696864-2e64-4cc7-bcc2-368df83c5f32
2019-11-01 00:17:25 UTC,view,5766772,1487580007659209676,,irisk,4.13,556138645,57ed222e-a54a-4907-9944-5a875c2d7f4f
2019-11-01 00:17:29 UTC,cart,5787018,1487580006644188066,,,6.33,275636866,5a717d30-7261-3eae-2383-ef6fc456fb54
2019-11-01 00:17:39 UTC,view,5664660,1487580011425693811,,,0.6,562691482,9025c3a5-9c56-49c4-9d3d-95a6c15b69a3
2019-11-01 00:17:40 UTC,view,5766772,1487580007659209676,,irisk,4.13,556138645,57ed222e-a54a-4907-9944-5a875c2d7f4f
2019-11-01 00:17:41 UTC,view,5894162,1783999073758478650,,ecocraft,6.49,562817002,1716bfd2-5fb4-4a87-9a5e-1748fdc5b073
2019-11-01 00:17:56 UTC,cart,5664688,1487580011425693811,,,0.63,562691482,9025c3a5-9c56-49c4-9d3d-95a6c15b69a3
2019-11-01 00:18:13 UTC,view,5664641,1487580011425693811,,,0.7,562691482,9025c3a5-9c56-49c4-9d3d-95a6c15b69a3
2019-11-01 00:18:27 UTC,view,5743974,1487580013053083824,stationery.cartrige,italwax,1.98,370706182,6223f8f8-7eb1-498a-b35e-8292ea3c7b9e
2019-11-01 00:18:43 UTC,view,5831581,1783999072332415142,,,14.29,562896848,152c88fe-862f-4373-8f2a-38bf9d67f8c7
2019-11-01 00:19:01 UTC,view,5803689,1783999072332415142,,,12.22,562896848,152c88fe-862f-4373-8f2a-38bf9d67f8c7
2019-11-01 00:19:06 UTC,view,5664689,1487580011425693811,,,0.76,562691482,9025c3a5-9c56-49c4-9d3d-95a6c15b69a3
2019-11-01 00:19:15 UTC,view,5768045,1487580007659209676,,ingarden,1.27,556138645,57ed222e-a54a-4907-9944-5a875c2d7f4f
2019-11-01 00:19:24 UTC,view,5588,1487580006132482952,,runail,4.84,566282621,0d4b426a-de47-4323-a003-c44ab45fcd6a
2019-11-01 00:19:24 UTC,remove_from_cart,5803689,1783999072332415142,,,12.22,562896848,152c88fe-862f-4373-8f2a-38bf9d67f8c7
2019-11-01 00:19:24 UTC,remove_from_cart,5803689,1783999072332415142,,,12.22,562896848,152c88fe-862f-4373-8f2a-38bf9d67f8c7
2019-11-01 00:19:52 UTC,view,5676333,1487580006317032337,,marathon,7.14,504222482,77efc82f-0c00-48d0-bb18-c20e09a076cd
2019-11-01 00:20:00 UTC,view,5849033,1487580005092295511,,uno,10.32,564888710,779e930c-100d-4c25-908b-f7f61d691e5e
2019-11-01 00:20:10 UTC,view,5844895,1487580008263189483,,,17.56,457464378,e17b9c34-f067-4168-9c63-ca01ee55b8fd
2019-11-01 00:20:24 UTC,cart,5747361,1487580010821714008,,,0.54,562691482,9025c3a5-9c56-49c4-9d3d-95a6c15b69a3
2019-11-01 00:20:31 UTC,view,4965,1487580010695884882,accessories.bag,,34.52,513114494,4d9cd992-d34d-4dc4-abe8-0f941ae1fa97
2019-11-01 00:20:42 UTC,view,6732,1487580013027917999,,,8.41,563130011,c06ac666-a890-402f-802b-3ec2a2dfac95
2019-11-01 00:20:47 UTC,cart,5766772,1487580007659209676,,irisk,4.13,556138645,57ed222e-a54a-4907-9944-5a875c2d7f4f
2019-11-01 00:20:49 UTC,view,5810038,1487580005268456287,,,8.73,566000236,bd266780-99bf-4973-a940-cc219fd24b24
2019-11-01 00:20:52 UTC,view,5843749,1487580008246412266,,,7.67,457464378,e17b9c34-f067-4168-9c63-ca01ee55b8fd
2019-11-01 00:20:53 UTC,view,5747361,1487580010821714008,,,0.54,562691482,9025c3a5-9c56-49c4-9d3d-95a6c15b69a3
2019-11-01 00:20:54 UTC,remove_from_cart,5855510,1487580006350586771,appliances.environment.vacuum,max,95.08,341955890,fe14c5f3-60cd-4363-a577-ce29ca523f1c
2019-11-01 00:21:04 UTC,view,5845379,1487580013581566154,,,5.02,516158753,d5ffdffc-eae4-4a93-8b6b-924db49a42df
2019-11-01 00:21:04 UTC,view,5799881,1487580010821714008,,,0.57,562691482,9025c3a5-9c56-49c4-9d3d-95a6c15b69a3
2019-11-01 00:21:08 UTC,view,5747361,1487580010821714008,,,0.54,562691482,9025c3a5-9c56-49c4-9d3d-95a6c15b69a3
2019-11-01 00:21:11 UTC,view,5855510,1487580006350586771,appliances.environment.vacuum,max,95.08,341955890,fe14c5f3-60cd-4363-a577-ce29ca523f1c
2019-11-01 00:21:22 UTC,view,5724608,1487580005427839846,,irisk,2.48,253962882,74f2a93f-7f15-4cd1-adaa-155ebad6cf56
2019-11-01 00:21:23 UTC,view,5529097,1487580013027917999,,,5.29,563130011,c06ac666-a890-402f-802b-3ec2a2dfac95
2019-11-01 00:21:26 UTC,view,5861994,1487580010695884882,accessories.bag,,46.02,513114494,4d9cd992-d34d-4dc4-abe8-0f941ae1fa97
2019-11-01 00:21:30 UTC,view,4965,1487580010695884882,accessories.bag,,34.52,513114494,4d9cd992-d34d-4dc4-abe8-0f941ae1fa97
2019-11-01 00:21:31 UTC,view,5861785,1487580013690618064,,parachute,3.16,566283083,1f219b12-ed51-41cd-a7fe-2134393eb1f6
2019-11-01 00:21:33 UTC,view,5869147,1783999063314661546,,cosmoprofi,7.94,460726340,0ea5b639-b633-41c3-a689-5db845e649e8
2019-11-01 00:21:34 UTC,cart,5893870,1487580011585077370,,,42.7,545753452,10bda790-e878-456a-927f-c7dd1b29c566
2019-11-01 00:21:49 UTC,cart,5893849,1891434351850160381,,,42.7,545753452,10bda790-e878-456a-927f-c7dd1b29c566
2019-11-01 00:21:50 UTC,view,5724282,1487580005427839846,,irisk,2.48,253962882,74f2a93f-7f15-4cd1-adaa-155ebad6cf56
2019-11-01 00:21:54 UTC,cart,5883311,1487580011627020412,,,42.7,545753452,10bda790-e878-456a-927f-c7dd1b29c566
2019-11-01 00:21:59 UTC,cart,5858914,1487580011627020412,,,42.7,545753452,10bda790-e878-456a-927f-c7dd1b29c566
2019-11-01 00:22:04 UTC,cart,5848309,1487580011627020412,,,42.7,545753452,10bda790-e878-456a-927f-c7dd1b29c566
2019-11-01 00:22:06 UTC,view,5808567,1495705810662064688,,irisk,2.38,556138645,57ed222e-a54a-4907-9944-5a875c2d7f4f
2019-11-01 00:22:08 UTC,remove_from_cart,5770294,1487580008858779653,,milv,1.59,514649199,dd20e3bf-021f-4633-a9c7-18b6158b2006
2019-11-01 00:22:08 UTC,remove_from_cart,5876798,1487580010100293687,,jessnail,1.43,514649199,dd20e3bf-021f-4633-a9c7-18b6158b2006
2019-11-01 00:22:12 UTC,cart,5848309,1487580011627020412,,,42.7,545753452,10bda790-e878-456a-927f-c7dd1b29c566
2019-11-01 00:22:14 UTC,cart,5858914,1487580011627020412,,,42.7,545753452,10bda790-e878-456a-927f-c7dd1b29c566
2019-11-01 00:22:22 UTC,cart,5883311,1487580011627020412,,,42.7,545753452,10bda790-e878-456a-927f-c7dd1b29c566
2019-11-01 00:22:29 UTC,view,5734477,1487580005050352469,,haruyama,3.97,253962882,74f2a93f-7f15-4cd1-adaa-155ebad6cf56
2019-11-01 00:22:30 UTC,cart,5893849,1891434351850160381,,,42.7,545753452,10bda790-e878-456a-927f-c7dd1b29c566
2019-11-01 00:22:35 UTC,cart,5893870,1487580011585077370,,,42.7,545753452,10bda790-e878-456a-927f-c7dd1b29c566
2019-11-01 00:22:40 UTC,view,5868646,1495705810662064688,,enas,3.54,556138645,57ed222e-a54a-4907-9944-5a875c2d7f4f
2019-11-01 00:22:41 UTC,cart,5893870,1487580011585077370,,,42.7,545753452,10bda790-e878-456a-927f-c7dd1b29c566
2019-11-01 00:22:45 UTC,cart,5893870,1487580011585077370,,,42.7,545753452,10bda790-e878-456a-927f-c7dd1b29c566
2019-11-01 00:22:51 UTC,cart,5893849,1891434351850160381,,,42.7,545753452,10bda790-e878-456a-927f-c7dd1b29c566
2019-11-01 00:22:53 UTC,view,5690779,1487580004857414477,,lianail,5.54,253962882,74f2a93f-7f15-4cd1-adaa-155ebad6cf56
2019-11-01 00:22:54 UTC,cart,5883311,1487580011627020412,,,42.7,545753452,10bda790-e878-456a-927f-c7dd1b29c566
2019-11-01 00:22:57 UTC,cart,5858914,1487580011627020412,,,42.7,545753452,10bda790-e878-456a-927f-c7dd1b29c566
2019-11-01 00:23:01 UTC,cart,5848309,1487580011627020412,,,42.7,545753452,10bda790-e878-456a-927f-c7dd1b29c566
2019-11-01 00:23:14 UTC,view,5745312,1495705810662064688,,,2.54,556138645,57ed222e-a54a-4907-9944-5a875c2d7f4f
2019-11-01 00:23:15 UTC,view,5859454,1487580005528503146,,pnb,5.24,253962882,74f2a93f-7f15-4cd1-adaa-155ebad6cf56
2019-11-01 00:23:24 UTC,cart,4965,1487580010695884882,accessories.bag,,34.52,513114494,4d9cd992-d34d-4dc4-abe8-0f941ae1fa97
2019-11-01 00:23:35 UTC,view,5670001,1495705810662064688,,konad,4.13,556138645,57ed222e-a54a-4907-9944-5a875c2d7f4f
2019-11-01 00:23:52 UTC,view,5628025,1605161575889502297,,,2.7,462885785,5dc3598b-614c-45e5-8a52-2a6bb306a9b9
2019-11-01 00:23:54 UTC,view,5883850,1783999072332415142,,,41.9,499806274,691dda60-3239-4cdd-864a-01d78c6de72e
2019-11-01 00:23:58 UTC,view,5733778,1487580005050352469,,haruyama,3.97,253962882,74f2a93f-7f15-4cd1-adaa-155ebad6cf56
2019-11-01 00:24:02 UTC,view,5700137,1487580008263189483,,concept,9.37,559955329,6aebd1b0-96be-463c-ab81-978be33d18ba
2019-11-01 00:24:18 UTC,view,5700855,1487580013950664926,,irisk,63.41,566283517,7680621f-08b1-4df5-b3f6-9415b90b301a
2019-11-01 00:24:25 UTC,view,5864546,1487580011652186237,,,21.11,565876667,cf5d7069-7465-4ec5-a9be-c911bc1b9f95
2019-11-01 00:24:27 UTC,view,5731712,1495705810662064688,,,6.19,556138645,57ed222e-a54a-4907-9944-5a875c2d7f4f
2019-11-01 00:24:28 UTC,view,5885418,1487580005092295511,,grattol,6.27,462885785,5dc3598b-614c-45e5-8a52-2a6bb306a9b9
2019-11-01 00:24:34 UTC,view,5832477,1487580007675986893,,de.lux,1.59,513114494,4d9cd992-d34d-4dc4-abe8-0f941ae1fa97
2019-11-01 00:24:42 UTC,view,5861788,1487580013690618064,,parachute,28.25,566283083,1f219b12-ed51-41cd-a7fe-2134393eb1f6
2019-11-01 00:25:03 UTC,view,5771614,2193074740619379535,furniture.living_room.cabinet,kosmekka,150.79,566283605,cf72f8ab-22d3-426a-a3c1-c381aacaba06
2019-11-01 00:25:09 UTC,view,5833329,1487580007675986893,,bpw.style,1.9,513114494,4d9cd992-d34d-4dc4-abe8-0f941ae1fa97
2019-11-01 00:25:26 UTC,purchase,5532,2195085258272014535,,ingarden,3.65,566239468,3ad69360-e328-454a-b1f8-0e0901e1e344
2019-11-01 00:25:26 UTC,purchase,5549786,1487580005595612013,,,3.0,566239468,3ad69360-e328-454a-b1f8-0e0901e1e344
2019-11-01 00:25:26 UTC,purchase,5550302,2195085255034011676,,,1.21,566239468,3ad69360-e328-454a-b1f8-0e0901e1e344
2019-11-01 00:25:26 UTC,purchase,5693001,1605161575889502297,,lianail,4.75,566239468,3ad69360-e328-454a-b1f8-0e0901e1e344
2019-11-01 00:25:26 UTC,purchase,5710313,1487580005092295511,,lianail,5.54,566239468,3ad69360-e328-454a-b1f8-0e0901e1e344
2019-11-01 00:25:26 UTC,purchase,5710314,1487580005268456287,,lianail,5.54,566239468,3ad69360-e328-454a-b1f8-0e0901e1e344
2019-11-01 00:25:29 UTC,view,5897983,1487580007675986893,,de.lux,1.59,513114494,4d9cd992-d34d-4dc4-abe8-0f941ae1fa97
2019-11-01 00:25:38 UTC,cart,5582546,1487580010125459512,,,2.7,275636866,5a717d30-7261-3eae-2383-ef6fc456fb54
2019-11-01 00:25:44 UTC,cart,5854569,1487580010100293687,,jessnail,0.94,514649199,dd20e3bf-021f-4633-a9c7-18b6158b2006
2019-11-01 00:25:47 UTC,view,5897984,1487580007675986893,,de.lux,1.59,513114494,4d9cd992-d34d-4dc4-abe8-0f941ae1fa97
2019-11-01 00:25:58 UTC,cart,5897984,1487580007675986893,,de.lux,1.59,513114494,4d9cd992-d34d-4dc4-abe8-0f941ae1fa97
2019-11-01 00:26:36 UTC,view,5892179,1487580013950664926,,,18.89,536745379,83c27297-4572-30af-23d4-a1e20596b9e7
2019-11-01 00:26:37 UTC,view,5855117,1487580005268456287,,,17.3,249305749,e707213f-7920-49e5-9386-55e3a516e069
2019-11-01 00:26:39 UTC,cart,5860166,1487580011585077370,,,0.78,513114494,ea05a304-0ab5-4a97-ba8e-1e619e19d340
2019-11-01 00:26:46 UTC,remove_from_cart,5812118,1487580013212467384,,art-visage,5.16,539265551,97e8eb35-ebf1-4abd-9d44-351d10c930eb
2019-11-01 00:26:46 UTC,remove_from_cart,5812118,1487580013212467384,,art-visage,5.16,539265551,97e8eb35-ebf1-4abd-9d44-351d10c930eb
2019-11-01 00:26:50 UTC,remove_from_cart,5812124,1542195323827388674,,art-visage,4.05,539265551,97e8eb35-ebf1-4abd-9d44-351d10c930eb
2019-11-01 00:26:51 UTC,remove_from_cart,5886547,1487580013321519293,,,4.32,539265551,97e8eb35-ebf1-4abd-9d44-351d10c930eb
2019-11-01 00:26:56 UTC,view,5751383,1487580005092295511,,uno,10.32,439283460,52f3d5e3-c785-44da-9065-c966782d7ced
2019-11-01 00:27:05 UTC,cart,5751383,1487580005092295511,,uno,10.32,439283460,52f3d5e3-c785-44da-9065-c966782d7ced
2019-11-01 00:27:14 UTC,view,5897628,1487580011283087468,,,3.14,501482891,c1968056-7627-cc66-e351-cf806cd7abd2
2019-11-01 00:27:14 UTC,cart,5751383,1487580005092295511,,uno,10.32,439283460,52f3d5e3-c785-44da-9065-c966782d7ced
2019-11-01 00:27:23 UTC,view,5736355,1487580005050352469,,haruyama,3.97,253962882,74f2a93f-7f15-4cd1-adaa-155ebad6cf56
2019-11-01 00:27:26 UTC,cart,5897628,1487580011283087468,,,3.14,501482891,c1968056-7627-cc66-e351-cf806cd7abd2
2019-11-01 00:27:36 UTC,view,5855117,1487580005268456287,,,17.3,249305749,e707213f-7920-49e5-9386-55e3a516e069
2019-11-01 00:27:36 UTC,remove_from_cart,5304,1487580009471148064,,runail,0.32,539265551,97e8eb35-ebf1-4abd-9d44-351d10c930eb
2019-11-01 00:27:41 UTC,cart,5855117,1487580005268456287,,,17.3,249305749,e707213f-7920-49e5-9386-55e3a516e069
2019-11-01 00:27:46 UTC,view,5613539,1487580008984608779,,,9.51,548835289,3136e654-4888-4825-a2c8-43667a768b57
2019-11-01 00:27:47 UTC,view,5864458,1783999072407912622,,,27.94,565876667,cf5d7069-7465-4ec5-a9be-c911bc1b9f95
2019-11-01 00:27:48 UTC,cart,5839956,1487580011585077370,,,1.11,513114494,ea05a304-0ab5-4a97-ba8e-1e619e19d340
2019-11-01 00:28:02 UTC,cart,5860162,1487580011585077370,,,0.78,513114494,ea05a304-0ab5-4a97-ba8e-1e619e19d340
2019-11-01 00:28:03 UTC,view,5677224,1487580008263189483,,estel,10.4,497501148,33d85790-ca64-4f1e-b6b4-6cef61e66949
2019-11-01 00:28:07 UTC,cart,5860159,1487580011585077370,,,0.78,513114494,ea05a304-0ab5-4a97-ba8e-1e619e19d340
2019-11-01 00:28:11 UTC,view,5736355,1487580005050352469,,haruyama,3.97,253962882,74f2a93f-7f15-4cd1-adaa-155ebad6cf56
2019-11-01 00:28:14 UTC,view,5859204,1487580009496313889,,,1.9,465774735,f8ab73fb-2bf1-4fce-bd7e-20c7bda55da4
2019-11-01 00:28:15 UTC,view,5736355,1487580005050352469,,haruyama,3.97,253962882,74f2a93f-7f15-4cd1-adaa-155ebad6cf56
2019-11-01 00:28:19 UTC,view,5767806,1487580010645553231,,,3.65,566283978,2089aa08-d9a7-46a6-84af-df7a7aeebb25
2019-11-01 00:28:27 UTC,cart,5865795,1487580008909111303,,,1.75,501482891,c1968056-7627-cc66-e351-cf806cd7abd2
2019-11-01 00:28:31 UTC,view,5864461,1487580011652186237,,,29.21,565876667,cf5d7069-7465-4ec5-a9be-c911bc1b9f95
2019-11-01 00:28:33 UTC,remove_from_cart,5776151,1487580011534745720,,carmex,5.56,501482891,c1968056-7627-cc66-e351-cf806cd7abd2
2019-11-01 00:28:42 UTC,view,5812128,1542195323827388674,,art-visage,4.73,539265551,97e8eb35-ebf1-4abd-9d44-351d10c930eb
2019-11-01 00:28:44 UTC,view,5864463,1597770225539875791,,,19.05,565876667,cf5d7069-7465-4ec5-a9be-c911bc1b9f95
2019-11-01 00:28:48 UTC,cart,5832415,1487580007256556476,,,2.38,275636866,5a717d30-7261-3eae-2383-ef6fc456fb54
2019-11-01 00:28:48 UTC,view,5770067,1487580009051717646,,kosmekka,2.54,471161773,9778923d-1d16-470a-81d0-407fcc2a5fe4
2019-11-01 00:28:49 UTC,view,5878625,2095736144888071137,,,2.86,514649199,dd20e3bf-021f-4633-a9c7-18b6158b2006
2019-11-01 00:28:53 UTC,view,5657900,1487580013053083824,stationery.cartrige,,2.06,457604149,34adbc64-eebc-4d45-8542-547b9c20f6c1
2019-11-01 00:28:53 UTC,view,5878625,2095736144888071137,,,2.86,514649199,dd20e3bf-021f-4633-a9c7-18b6158b2006
2019-11-01 00:28:54 UTC,cart,5812126,1542195323827388674,,art-visage,4.05,539265551,97e8eb35-ebf1-4abd-9d44-351d10c930eb
2019-11-01 00:28:56 UTC,cart,5812126,1542195323827388674,,art-visage,4.05,539265551,97e8eb35-ebf1-4abd-9d44-351d10c930eb
2019-11-01 00:29:08 UTC,view,5734495,1487580005050352469,,haruyama,3.97,253962882,74f2a93f-7f15-4cd1-adaa-155ebad6cf56
2019-11-01 00:29:09 UTC,view,5834648,1487580008145748965,,pole,0.95,562691482,1dc16a6a-21a3-4118-9121-3420546ff397
2019-11-01 00:29:18 UTC,cart,5837825,1933472286753424063,,,3.49,514649199,dd20e3bf-021f-4633-a9c7-18b6158b2006
2019-11-01 00:29:24 UTC,remove_from_cart,5857920,1487580012574933146,,,3.37,514649199,dd20e3bf-021f-4633-a9c7-18b6158b2006
2019-11-01 00:29:29 UTC,remove_from_cart,5857921,1783999073758478650,,,2.94,514649199,dd20e3bf-021f-4633-a9c7-18b6158b2006
2019-11-01 00:29:30 UTC,view,5814041,1783999063314661546,,grattol,10.32,438084221,5e77ea19-ac1b-4261-9e3a-18642eb5a7f6
2019-11-01 00:29:31 UTC,cart,5834648,1487580008145748965,,pole,0.95,562691482,1dc16a6a-21a3-4118-9121-3420546ff397
2019-11-01 00:29:32 UTC,cart,5749199,1487580013053083824,stationery.cartrige,italwax,1.98,457604149,34adbc64-eebc-4d45-8542-547b9c20f6c1
2019-11-01 00:29:41 UTC,cart,5812127,1542195323827388674,,art-visage,4.73,539265551,97e8eb35-ebf1-4abd-9d44-351d10c930eb
2019-11-01 00:29:43 UTC,view,5814041,1783999063314661546,,grattol,10.32,438084221,5e77ea19-ac1b-4261-9e3a-18642eb5a7f6
2019-11-01 00:29:50 UTC,view,5856188,1487580008984608779,,runail,8.57,548835289,97d9cf9f-2cde-4433-aa00-639aad0e593f
2019-11-01 00:29:52 UTC,view,5814042,1783999063314661546,,grattol,10.32,438084221,5e77ea19-ac1b-4261-9e3a-18642eb5a7f6
2019-11-01 00:29:53 UTC,cart,5864463,1597770225539875791,,,19.05,565876667,cf5d7069-7465-4ec5-a9be-c911bc1b9f95
2019-11-01 00:29:59 UTC,cart,5775814,1487580013053083824,stationery.cartrige,italwax,1.98,457604149,34adbc64-eebc-4d45-8542-547b9c20f6c1
2019-11-01 00:29:59 UTC,view,5649236,1487580008246412266,,concept,8.65,565012826,3a81421e-8963-4580-b1fe-1d20c57df286
2019-11-01 00:30:00 UTC,view,5734563,1487580005050352469,,haruyama,3.97,253962882,74f2a93f-7f15-4cd1-adaa-155ebad6cf56
2019-11-01 00:30:01 UTC,view,5864480,1597770225539875791,,,29.21,565876667,cf5d7069-7465-4ec5-a9be-c911bc1b9f95
2019-11-01 00:30:06 UTC,view,5814045,1783999063314661546,,grattol,10.32,438084221,5e77ea19-ac1b-4261-9e3a-18642eb5a7f6
2019-11-01 00:30:07 UTC,view,5885590,1487580006350586771,appliances.environment.vacuum,polarus,78.57,566283723,b023f80f-362b-43fe-a3b0-d32279f42a82
2019-11-01 00:30:08 UTC,view,5884580,1487580006350586771,appliances.environment.vacuum,max,63.33,513114494,4d9cd992-d34d-4dc4-abe8-0f941ae1fa97
2019-11-01 00:30:24 UTC,cart,5788783,1487580013053083824,stationery.cartrige,italwax,1.98,457604149,34adbc64-eebc-4d45-8542-547b9c20f6c1
2019-11-01 00:30:27 UTC,view,5788783,1487580013053083824,stationery.cartrige,italwax,1.98,457604149,34adbc64-eebc-4d45-8542-547b9c20f6c1
2019-11-01 00:30:29 UTC,view,5892045,2018395024110125980,,,9.84,566284240,868656cd-61c4-44f3-8a35-0e1d5795237d
2019-11-01 00:30:29 UTC,view,5814045,1783999063314661546,,grattol,10.32,438084221,6b9607ae-8fc2-4314-ba67-be49c4cf2d11
2019-11-01 00:30:31 UTC,view,5649236,1487580008246412266,,concept,8.65,565012826,2baf1ad9-9d7e-40f8-b38b-10310e797340
2019-11-01 00:30:36 UTC,view,5687319,1487580005411062629,,cnd,16.03,565162278,0f90ba9a-2067-42f1-8f88-988fb052614d
2019-11-01 00:30:44 UTC,view,5814043,1783999063314661546,,grattol,10.32,438084221,6b9607ae-8fc2-4314-ba67-be49c4cf2d11
2019-11-01 00:30:48 UTC,view,5896431,1487580006350586771,appliances.environment.vacuum,jessnail,53.17,566283723,b023f80f-362b-43fe-a3b0-d32279f42a82
2019-11-01 00:30:49 UTC,cart,5855510,1487580006350586771,appliances.environment.vacuum,max,95.08,513114494,4d9cd992-d34d-4dc4-abe8-0f941ae1fa97
2019-11-01 00:30:55 UTC,view,5891363,1542195323827388674,,art-visage,4.73,539265551,97e8eb35-ebf1-4abd-9d44-351d10c930eb
2019-11-01 00:30:57 UTC,view,5855510,1487580006350586771,appliances.environment.vacuum,max,95.08,513114494,4d9cd992-d34d-4dc4-abe8-0f941ae1fa97
2019-11-01 00:30:59 UTC,cart,5857921,1783999073758478650,,,2.94,514649199,dd20e3bf-021f-4633-a9c7-18b6158b2006
2019-11-01 00:31:03 UTC,view,5812128,1542195323827388674,,art-visage,4.73,539265551,97e8eb35-ebf1-4abd-9d44-351d10c930eb
2019-11-01 00:31:04 UTC,view,5864480,1597770225539875791,,,29.21,565876667,cf5d7069-7465-4ec5-a9be-c911bc1b9f95
2019-11-01 00:31:15 UTC,view,5804820,1487580013950664926,,,63.33,566284323,18f415a8-9992-4d6e-af51-79d06a9120fb
2019-11-01 00:31:25 UTC,view,5864463,1597770225539875791,,,19.05,565876667,cf5d7069-7465-4ec5-a9be-c911bc1b9f95
2019-11-01 00:31:28 UTC,view,5891363,1542195323827388674,,art-visage,4.73,539265551,97e8eb35-ebf1-4abd-9d44-351d10c930eb
2019-11-01 00:31:32 UTC,view,5812128,1542195323827388674,,art-visage,4.73,539265551,97e8eb35-ebf1-4abd-9d44-351d10c930eb
2019-11-01 00:31:35 UTC,cart,5687864,1487580006409307030,,airnails,2.86,465774735,f8ab73fb-2bf1-4fce-bd7e-20c7bda55da4
2019-11-01 00:31:36 UTC,view,5736321,1487580005050352469,,haruyama,3.97,253962882,04f81ab8-2249-45c9-9631-7c517d65bba4
2019-11-01 00:31:42 UTC,cart,5802432,1487580009286598681,,,0.32,275636866,5a717d30-7261-3eae-2383-ef6fc456fb54
2019-11-01 00:31:43 UTC,view,5868798,1783999064103190764,,cosmoprofi,6.35,460726340,0ea5b639-b633-41c3-a689-5db845e649e8
2019-11-01 00:31:45 UTC,cart,5659922,1487580006409307030,,airnails,2.86,465774735,f8ab73fb-2bf1-4fce-bd7e-20c7bda55da4
2019-11-01 00:31:46 UTC,view,5891365,1542195323827388674,,art-visage,4.73,539265551,97e8eb35-ebf1-4abd-9d44-351d10c930eb
2019-11-01 00:31:46 UTC,cart,5802432,1487580009286598681,,,0.32,275636866,5a717d30-7261-3eae-2383-ef6fc456fb54
2019-11-01 00:31:47 UTC,purchase,5809910,1602943681873052386,,grattol,5.24,249305749,e707213f-7920-49e5-9386-55e3a516e069
2019-11-01 00:31:47 UTC,purchase,5855117,1487580005268456287,,,17.3,249305749,e707213f-7920-49e5-9386-55e3a516e069
2019-11-01 00:31:48 UTC,cart,5802432,1487580009286598681,,,0.32,275636866,5a717d30-7261-3eae-2383-ef6fc456fb54
2019-11-01 00:31:49 UTC,view,5810672,1487580013069861041,,italwax,10.32,566284384,608c6a7f-dbe4-496e-9c7d-65ab9cc6a9f9
2019-11-01 00:31:50 UTC,remove_from_cart,5864463,1597770225539875791,,,19.05,565876667,cf5d7069-7465-4ec5-a9be-c911bc1b9f95
2019-11-01 00:31:50 UTC,view,5812128,1542195323827388674,,art-visage,4.73,539265551,97e8eb35-ebf1-4abd-9d44-351d10c930eb
2019-11-01 00:31:50 UTC,remove_from_cart,5864463,1597770225539875791,,,19.05,565876667,cf5d7069-7465-4ec5-a9be-c911bc1b9f95
2019-11-01 00:31:59 UTC,remove_from_cart,5746054,1487580006409307030,,airnails,2.86,465774735,f8ab73fb-2bf1-4fce-bd7e-20c7bda55da4
2019-11-01 00:31:59 UTC,remove_from_cart,5746054,1487580006409307030,,airnails,2.86,465774735,f8ab73fb-2bf1-4fce-bd7e-20c7bda55da4
2019-11-01 00:32:00 UTC,view,5864546,1487580011652186237,,,21.11,565876667,cf5d7069-7465-4ec5-a9be-c911bc1b9f95
2019-11-01 00:32:04 UTC,view,5549786,1487580005595612013,,,3.0,566239468,3ad69360-e328-454a-b1f8-0e0901e1e344
2019-11-01 00:32:06 UTC,remove_from_cart,5687864,1487580006409307030,,airnails,2.86,465774735,f8ab73fb-2bf1-4fce-bd7e-20c7bda55da4
2019-11-01 00:32:06 UTC,remove_from_cart,5687864,1487580006409307030,,airnails,2.86,465774735,f8ab73fb-2bf1-4fce-bd7e-20c7bda55da4
2019-11-01 00:32:08 UTC,view,5891363,1542195323827388674,,art-visage,4.73,539265551,97e8eb35-ebf1-4abd-9d44-351d10c930eb
2019-11-01 00:32:11 UTC,view,5812128,1542195323827388674,,art-visage,4.73,539265551,97e8eb35-ebf1-4abd-9d44-351d10c930eb
2019-11-01 00:32:14 UTC,view,5804820,1487580013950664926,,,63.33,520937880,9d499fe4-6045-425c-8378-c8439adfd95b
2019-11-01 00:32:17 UTC,view,5810672,1487580013069861041,,italwax,10.32,566284384,608c6a7f-dbe4-496e-9c7d-65ab9cc6a9f9
2019-11-01 00:32:17 UTC,view,5847361,1982860263572898112,,estel,4.29,489639461,303721e0-5cdd-44f4-b742-bd3362b7483e
2019-11-01 00:32:17 UTC,cart,5751386,1511892746070131099,,uno,9.37,439283460,52f3d5e3-c785-44da-9065-c966782d7ced
2019-11-01 00:32:35 UTC,view,5814523,1487580005092295511,,runail,4.44,566284488,ab25ee53-1307-4cdf-a37a-52709e363784
2019-11-01 00:32:45 UTC,view,5861591,1487580009143992338,,lador,2.22,566284493,6e2c96e3-f933-4d5c-b41e-e0619b4f5d8c
2019-11-01 00:32:49 UTC,view,5876063,1783999063314661546,,,39.68,501482891,c1968056-7627-cc66-e351-cf806cd7abd2
2019-11-01 00:32:55 UTC,remove_from_cart,5812126,1542195323827388674,,art-visage,4.05,539265551,97e8eb35-ebf1-4abd-9d44-351d10c930eb
2019-11-01 00:32:55 UTC,remove_from_cart,5812126,1542195323827388674,,art-visage,4.05,539265551,97e8eb35-ebf1-4abd-9d44-351d10c930eb
2019-11-01 00:33:00 UTC,view,5812127,1542195323827388674,,art-visage,4.73,539265551,97e8eb35-ebf1-4abd-9d44-351d10c930eb
2019-11-01 00:33:16 UTC,view,5885590,1487580006350586771,appliances.environment.vacuum,polarus,78.57,566283723,b023f80f-362b-43fe-a3b0-d32279f42a82
2019-11-01 00:33:25 UTC,view,5823667,1487580008246412266,,kapous,4.98,509429920,4101144c-afa6-46c5-999c-eadda88ae22f
2019-11-01 00:33:27 UTC,cart,5753875,1487580012096782476,,,4.76,439283460,52f3d5e3-c785-44da-9065-c966782d7ced
2019-11-01 00:33:33 UTC,view,5885830,1487580013254410426,,provoc,7.0,539265551,97e8eb35-ebf1-4abd-9d44-351d10c930eb
2019-11-01 00:33:50 UTC,view,5758952,1487580005067129686,,,2.38,566284602,c57a17a5-28e8-4be0-a6ff-bd6a2f602c29
2019-11-01 00:34:00 UTC,remove_from_cart,5878993,1487580013254410426,,,4.76,539265551,97e8eb35-ebf1-4abd-9d44-351d10c930eb
2019-11-01 00:34:00 UTC,remove_from_cart,5878993,1487580013254410426,,,4.76,539265551,97e8eb35-ebf1-4abd-9d44-351d10c930eb
2019-11-01 00:34:01 UTC,cart,5885590,1487580006350586771,appliances.environment.vacuum,polarus,78.57,566283723,b023f80f-362b-43fe-a3b0-d32279f42a82
2019-11-01 00:34:04 UTC,remove_from_cart,5825979,1487580013254410426,,,1.19,539265551,97e8eb35-ebf1-4abd-9d44-351d10c930eb
2019-11-01 00:34:04 UTC,remove_from_cart,5825979,1487580013254410426,,,1.19,539265551,97e8eb35-ebf1-4abd-9d44-351d10c930eb
2019-11-01 00:34:08 UTC,view,5736351,1487580005050352469,,haruyama,3.97,253962882,188449f4-2d18-40bd-9c3f-6359b1eb9532
2019-11-01 00:34:11 UTC,view,5885830,1487580013254410426,,provoc,7.0,539265551,97e8eb35-ebf1-4abd-9d44-351d10c930eb
2019-11-01 00:34:20 UTC,view,5785167,1487580013950664926,,,25.0,565226825,2874bfaf-c49f-4242-8f7a-d50bdc9b62af
2019-11-01 00:34:24 UTC,view,5885831,1487580013254410426,,provoc,7.0,539265551,97e8eb35-ebf1-4abd-9d44-351d10c930eb
2019-11-01 00:34:31 UTC,view,5819274,1554383493545328915,,,4.76,439283460,52f3d5e3-c785-44da-9065-c966782d7ced
2019-11-01 00:34:52 UTC,view,35152,1487580012994363565,,depilflax,5.24,457604149,34adbc64-eebc-4d45-8542-547b9c20f6c1
2019-11-01 00:34:54 UTC,view,5885830,1487580013254410426,,provoc,7.0,539265551,97e8eb35-ebf1-4abd-9d44-351d10c930eb
2019-11-01 00:34:58 UTC,view,5753875,1487580012096782476,,,4.76,439283460,52f3d5e3-c785-44da-9065-c966782d7ced
2019-11-01 00:35:01 UTC,view,5736195,1487580005050352469,,haruyama,3.97,253962882,5fd91f6b-fec0-4e27-afbf-7cff0ac518cf
2019-11-01 00:35:11 UTC,remove_from_cart,5885831,1487580013254410426,,provoc,7.0,539265551,97e8eb35-ebf1-4abd-9d44-351d10c930eb
2019-11-01 00:35:11 UTC,remove_from_cart,5885831,1487580013254410426,,provoc,7.0,539265551,97e8eb35-ebf1-4abd-9d44-351d10c930eb
2019-11-01 00:35:12 UTC,view,5705113,1487580013950664926,,,16.98,566284763,3c37b892-53ce-427a-8bec-d12c8adcd852
2019-11-01 00:35:34 UTC,remove_from_cart,5899871,1487580013338296510,,,4.71,539265551,97e8eb35-ebf1-4abd-9d44-351d10c930eb
2019-11-01 00:35:34 UTC,remove_from_cart,5899871,1487580013338296510,,,4.71,539265551,97e8eb35-ebf1-4abd-9d44-351d10c930eb
2019-11-01 00:35:41 UTC,view,5879619,1487580012373606546,,concept,8.89,484846075,931757eb-68ea-4ab6-9b72-408f9498d03b
2019-11-01 00:35:49 UTC,view,5853531,1487580005050352469,,haruyama,3.97,253962882,37cb5fcf-985f-4c37-af23-5349a3e9fb52
2019-11-01 00:35:53 UTC,cart,35152,1487580012994363565,,depilflax,5.24,457604149,34adbc64-eebc-4d45-8542-547b9c20f6c1
2019-11-01 00:35:57 UTC,remove_from_cart,5677417,1487580010318397504,,estel,6.75,539265551,97e8eb35-ebf1-4abd-9d44-351d10c930eb
2019-11-01 00:35:58 UTC,view,5819274,1554383493545328915,,,4.76,439283460,52f3d5e3-c785-44da-9065-c966782d7ced
2019-11-01 00:36:02 UTC,view,5849033,1487580005092295511,,uno,10.32,520913926,932f9d19-a47d-408d-a8cb-4e197aa905e0
2019-11-01 00:36:02 UTC,cart,5597836,1487580005713052531,,ingarden,2.6,469589164,292f045b-fde9-41a8-8b4f-daaee93528f1
2019-11-01 00:36:03 UTC,view,5784904,1487580010318397504,,,6.13,539265551,97e8eb35-ebf1-4abd-9d44-351d10c930eb
2019-11-01 00:36:11 UTC,view,5760173,1487580009387261981,,ingarden,4.29,469589164,292f045b-fde9-41a8-8b4f-daaee93528f1
2019-11-01 00:36:13 UTC,view,5792800,1487580005268456287,,,10.32,520913926,591b07db-7fa4-441d-af19-4de5faeec2c1
2019-11-01 00:36:14 UTC,view,5809924,1487580013522845895,,irisk,3.02,531834178,9d5da51e-6300-42ec-bab8-305601500890
2019-11-01 00:36:20 UTC,view,5844010,1487580010318397504,,,5.87,539265551,97e8eb35-ebf1-4abd-9d44-351d10c930eb
2019-11-01 00:36:30 UTC,cart,5844010,1487580010318397504,,,5.87,539265551,97e8eb35-ebf1-4abd-9d44-351d10c930eb
2019-11-01 00:36:35 UTC,remove_from_cart,5784904,1487580010318397504,,,6.13,539265551,97e8eb35-ebf1-4abd-9d44-351d10c930eb
2019-11-01 00:36:35 UTC,remove_from_cart,5784904,1487580010318397504,,,6.13,539265551,97e8eb35-ebf1-4abd-9d44-351d10c930eb
2019-11-01 00:36:37 UTC,cart,5857899,1487580012574933146,,,2.67,514649199,dd20e3bf-021f-4633-a9c7-18b6158b2006
2019-11-01 00:36:37 UTC,remove_from_cart,5649305,1487580010335174721,,concept,6.03,539265551,97e8eb35-ebf1-4abd-9d44-351d10c930eb
2019-11-01 00:36:37 UTC,remove_from_cart,5649305,1487580010335174721,,concept,6.03,539265551,97e8eb35-ebf1-4abd-9d44-351d10c930eb
2019-11-01 00:36:38 UTC,view,5736334,1487580005050352469,,haruyama,3.97,253962882,74f2a93f-7f15-4cd1-adaa-155ebad6cf56
2019-11-01 00:36:38 UTC,view,5806922,1487580005092295511,,grattol,6.27,520913926,8cbb5d91-80ba-45f8-b1bd-401b7b1dfa52
2019-11-01 00:36:38 UTC,view,5736334,1487580005050352469,,haruyama,3.97,253962882,76d67d7c-ef46-4306-a6b3-9030832f142a
2019-11-01 00:36:43 UTC,view,5784712,1487580008246412266,,,7.46,509429920,220b66cd-b46d-4710-a15b-273eb8c6a92e
2019-11-01 00:36:46 UTC,cart,5700070,1487580009362096156,,runail,0.95,275636866,5a717d30-7261-3eae-2383-ef6fc456fb54
2019-11-01 00:36:47 UTC,view,5899838,2115334439910245200,,,3.97,566239468,3ad69360-e328-454a-b1f8-0e0901e1e344
2019-11-01 00:36:48 UTC,view,5753875,1487580012096782476,,,4.76,439283460,52f3d5e3-c785-44da-9065-c966782d7ced
2019-11-01 00:36:56 UTC,view,5892179,1487580013950664926,,,18.89,566283723,b023f80f-362b-43fe-a3b0-d32279f42a82
2019-11-01 00:37:02 UTC,view,5891173,1487580009496313889,,bluesky,3.97,250802970,c47628b7-de02-44c4-9870-ad4e6a6f2f75
2019-11-01 00:37:08 UTC,cart,5891173,1487580009496313889,,bluesky,3.97,250802970,c47628b7-de02-44c4-9870-ad4e6a6f2f75
2019-11-01 00:37:10 UTC,view,5836062,1487580011627020412,,markell,4.05,566284947,73accb82-c815-458c-b81a-db0f3476828b
2019-11-01 00:37:11 UTC,remove_from_cart,5816172,1602943681873052386,,grattol,5.24,520913926,8cbb5d91-80ba-45f8-b1bd-401b7b1dfa52
2019-11-01 00:37:11 UTC,remove_from_cart,5816172,1602943681873052386,,grattol,5.24,520913926,8cbb5d91-80ba-45f8-b1bd-401b7b1dfa52
2019-11-01 00:37:14 UTC,cart,5703680,1487580009311764506,,,0.52,275636866,5a717d30-7261-3eae-2383-ef6fc456fb54
2019-11-01 00:37:15 UTC,view,5868796,1783999064103190764,,cosmoprofi,19.05,539265551,97e8eb35-ebf1-4abd-9d44-351d10c930eb
2019-11-01 00:37:17 UTC,view,5751422,1487580005268456287,,uno,10.95,477065304,732c7a33-105d-4988-99cf-194908e06321
2019-11-01 00:37:23 UTC,view,5857777,1487580012574933146,,,1.57,514649199,281d119a-6b92-4557-8255-6b567151f43e
2019-11-01 00:37:36 UTC,view,5849033,1487580005092295511,,uno,10.32,520913926,940e73f9-3e3a-43c5-a84a-9dfbd0a1057e
2019-11-01 00:37:38 UTC,view,5857778,1487580012574933146,,,1.57,514649199,dd20e3bf-021f-4633-a9c7-18b6158b2006
